,count
with,4282
and,3635
salad,806
chicken,747
sauce,530
roasted,502
grilled,495
chocolate,436
cake,373
lemon,352
cream,323
cheese,317
pork,305
tomato,295
butter,293
soup,261
sweet,246
potato,242
green,241
pie,228
potatoes,219
rice,211
coconut,211
shrimp,210
red,208
fried,206
garlic,206
ginger,195
corn,188
apple,187
cookies,186
spiced,186
beans,185
orange,180
lamb,177
in,177
fennel,174
salmon,174
squash,169
roast,169
spicy,166
turkey,165
tomatoes,163
yogurt,161
steak,158
dressing,158
bread,153
ice,151
beef,148
bacon,147
chile,146
lime,144
honey,141
fresh,140
black,138
pasta,136
salsa,136
pepper,135
bean,134
white,134
mustard,131
mint,130
onion,128
crispy,127
eggs,126
greens,125
vinaigrette,125
pickled,122
braised,121
caramel,121
almond,120
sausage,119
tart,119
kale,118
cherry,116
mushroom,116
smoked,116
style,114
spinach,111
ricotta,111
pumpkin,109
baked,108
onions,107
pudding,107
glazed,105
brown,105
herb,104
pan,103
cranberry,102
strawberry,100
of,100
chops,99
de,97
hot,97
mushrooms,96
avocado,96
stuffed,96
asparagus,95
cauliflower,94
pot,94
egg,92
creamy,91
zucchini,90
carrot,90
basil,89
sesame,89
cucumber,89
feta,87
cabbage,87
vanilla,86
maple,86
eggplant,85
arugula,85
goat,85
rosemary,85
peanut,84
slow,84
parmesan,84
vegetable,84
pesto,83
fish,83
carrots,82
tacos,80
vegetables,80
sandwiches,80
fruit,80
peach,80
slaw,80
toasted,79
stew,79
peas,79
buttermilk,78
curry,78
marinated,78
pear,78
raspberry,77
beet,77
oil,76
broccoli,76
noodles,76
pecan,76
sugar,76
citrus,75
summer,75
pizza,74
ribs,74
poached,73
spice,73
celery,72
pistachio,71
miso,71
pineapple,70
sage,69
olives,69
herbs,69
charred,68
pea,68
relish,67
salt,67
spring,67
walnut,66
glaze,66
olive,66
stuffing,66
sandwich,66
banana,65
sour,65
pomegranate,65
classic,65
peppers,65
caramelized,64
meatballs,63
ham,63
salted,62
toast,62
on,62
crust,62
wild,62
dried,61
crème,61
mango,61
baby,60
thyme,60
blueberry,60
polenta,59
chili,59
dip,59
gravy,59
crab,59
seared,58
milk,58
cocktail,58
butternut,57
brussels,56
cilantro,56
cinnamon,56
stir,56
french,56
quick,55
cheesecake,54
dill,54
parsley,54
pancakes,53
root,53
bars,53
coffee,53
crusted,52
chipotle,52
hazelnut,52
rolls,51
spaghetti,51
verde,50
almonds,50
quinoa,50
wine,50
tofu,50
cakes,49
whole,49
steaks,49
thai,49
nut,49
instant,49
skillet,48
breakfast,48
rib,48
rhubarb,48
bourbon,48
sprouts,48
radicchio,48
burgers,48
prosciutto,48
horseradish,48
blue,47
syrup,47
risotto,47
balsamic,46
apples,46
tea,46
cheddar,46
chiles,46
homemade,46
grapefruit,45
chickpeas,45
berry,45
short,45
frosting,45
chard,45
cupcakes,44
sautéed,44
seed,44
warm,44
winter,44
crisp,44
duck,44
candied,44
mixed,43
jam,43
chips,43
watermelon,43
tenderloin,43
muffins,42
leeks,42
fig,42
fraîche,42
mashed,42
walnuts,42
biscuits,42
pine,42
apricot,42
tarragon,41
pancetta,41
burger,41
chorizo,41
shortbread,40
plum,40
whipped,40
tuna,40
scallion,40
mini,40
noodle,39
vinegar,39
pops,39
herbed,39
italian,39
blackberry,38
punch,38
golden,38
scallions,38
radishes,38
cooked,38
seeds,38
watercress,38
brownies,38
barbecue,37
tahini,37
new,37
beets,37
gratin,36
compote,36
chickpea,36
fry,36
curried,36
sheet,35
mousse,35
steamed,35
scallops,35
lettuce,35
asian,35
artichoke,35
cumin,35
fritters,35
lentil,35
frozen,35
frittata,35
cooker,34
beer,34
smoothie,34
double,34
rubbed,34
halibut,34
shallots,34
lobster,34
artichokes,33
crunchy,33
chutney,33
for,33
pistachios,33
easy,33
leek,33
croutons,32
shoulder,32
no,32
shaved,32
crumble,32
cardamom,32
bowl,32
cod,32
free,32
bell,32
hazelnuts,32
soy,31
turmeric,31
rye,31
chowder,31
cornbread,31
rum,31
chip,31
nuts,31
broth,31
linguine,31
purée,31
brisket,31
lemony,31
peanuts,31
harissa,31
skewers,31
mozzarella,31
escarole,31
sea,30
radish,30
oatmeal,30
bass,30
crostini,30
cheesy,30
mayonnaise,30
gluten,30
saffron,30
kimchi,30
toasts,30
peaches,30
cider,29
pears,29
paprika,29
confit,29
wings,29
clams,29
moroccan,29
pecans,29
strawberries,29
one,29
hummus,29
breast,28
date,28
capers,28
layer,28
bok,28
choy,28
galette,27
breadcrumbs,27
meringue,27
snap,27
cold,27
veggie,27
figs,27
thighs,27
trout,27
hash,27
granita,27
jalapeño,27
cookie,27
cocoa,26
topping,26
couscous,26
bites,26
casserole,26
tomatillo,26
mussels,26
greek,26
pies,26
caper,26
savory,26
aioli,26
dipping,26
squid,25
yellow,25
sorbet,25
balls,25
swiss,25
grits,25
grain,25
simple,25
blood,25
cobbler,25
pecorino,25
bowls,24
farro,24
dark,24
cashew,24
smoky,24
oven,24
old,24
matzo,24
grape,24
leg,24
gnocchi,24
custard,24
eye,24
anchovy,24
cherries,23
breasts,23
lasagna,23
cornmeal,23
chive,23
down,23
barley,23
stock,23
gremolata,23
oat,23
gazpacho,23
lemongrass,23
cucumbers,23
wheat,23
two,23
three,23
veal,23
caesar,23
gin,22
shallot,22
fudge,22
oregano,22
granola,22
country,22
skirt,22
mexican,22
rose,22
parsnip,22
collard,22
kebabs,22
mix,22
brined,22
penne,22
upside,22
berries,22
big,22
au,22
melon,22
spritz,21
wraps,21
waffles,21
doughnuts,21
chilled,21
basic,21
smashed,21
con,21
buckwheat,21
bbq,21
margarita,21
sticky,21
lentils,21
la,21
sun,21
ragù,21
raisins,21
e,20
tortilla,20
creamed,20
coriander,20
loin,20
praline,20
preserved,20
dumplings,20
mahi,20
korean,20
poblano,20
pastry,20
seafood,20
five,20
vegan,20
torte,20
fava,19
champagne,19
dates,19
mac,19
wrapped,19
minute,19
garlicky,19
apricots,19
espresso,19
mascarpone,19
flatbread,19
wilted,19
panna,19
soft,19
rack,19
dough,19
fries,19
water,19
brittle,19
pickles,19
burrata,18
turnips,18
sundaes,18
shiitake,18
rabe,18
jelly,18
latkes,18
cotta,18
oranges,18
leaves,18
al,18
truffle,18
bloody,18
cups,18
grill,18
molasses,18
broccolini,18
tarts,18
meyer,17
gingerbread,17
pink,17
leche,17
all,17
sprout,17
perfect,17
fashioned,17
streusel,17
spread,17
food,17
guacamole,17
scented,17
panzanella,17
persian,17
marinade,17
endive,17
meatloaf,17
soda,17
clam,17
peppermint,17
buffalo,17
porcini,17
heirloom,17
or,17
tamarind,17
soufflé,17
enchiladas,16
paste,16
sourdough,16
char,16
orzo,16
pulled,16
di,16
masala,16
deviled,16
scones,16
rub,16
loaf,16
legs,16
semifreddo,16
dry,16
sherry,16
vietnamese,16
ceviche,16
snapper,16
soba,16
sliders,16
dulce,16
carbonara,16
raisin,16
flank,16
chia,16
tostadas,16
agua,16
christmas,16
iced,16
zaatar,15
hoisin,15
japanese,15
dinner,15
matcha,15
cutlets,15
pound,15
gold,15
caraway,15
puddings,15
dipped,15
chives,15
popcorn,15
chopped,15
raspberries,15
shortcakes,15
grapes,15
bake,15
pickle,15
bolognese,15
wedges,15
pearl,15
ancho,15
fontina,15
brioche,15
manchego,15
port,14
chimichurri,14
sauté,14
vegetarian,14
poppy,14
crisps,14
triple,14
caviar,14
sangria,14
tarte,14
serrano,14
bay,14
shredded,14
juice,14
provençal,14
swirl,14
plums,14
cantaloupe,14
meat,14
bundt,14
pita,14
mayo,14
oysters,14
fresca,14
marshmallows,14
lemonade,14
ramen,14
eyed,14
herby,14
tandoori,14
gruyère,14
pilaf,14
filled,14
butterscotch,14
flan,14
truffles,14
crackers,14
trifle,13
buttery,13
up,13
hibiscus,13
mediterranean,13
candy,13
orecchiette,13
irish,13
ultimate,13
patties,13
à,13
mary,13
romaine,13
frisée,13
back,13
sumac,13
fettuccine,13
tatin,13
spiked,13
spanish,13
top,13
boiled,13
tangerine,13
jerk,13
ranch,13
tangy,13
crunch,13
chinese,13
brownie,12
ground,12
crumb,12
corned,12
indian,12
jerusalem,12
broiled,12
mole,12
icing,12
anise,12
flatbreads,12
honeydew,12
brûlée,12
stone,12
goddess,12
thanksgiving,12
leaf,12
paella,12
little,12
toddy,12
iron,12
oyster,12
ganache,12
make,12
halloumi,12
dogs,12
adobo,12
quiche,12
deep,12
pappardelle,12
parsnips,12
angel,12
bruschetta,12
bark,12
it,12
mocha,12
tabbouleh,12
batch,12
buns,12
tuscan,12
tiramisu,12
cranberries,12
chunk,12
kohlrabi,12
over,12
toffee,12
vodka,12
twice,12
arctic,11
fingerling,11
omelet,11
udon,11
rigatoni,11
snow,11
shake,11
tonic,11
turnovers,11
queso,11
marshmallow,11
phyllo,11
blt,11
tapenade,11
rustic,11
raw,11
meatball,11
pretzel,11
turkish,11
belly,11
raita,11
lavender,11
crepes,11
ways,11
caprese,11
malt,11
buttered,11
swordfish,11
sauerkraut,11
barbecued,11
blistered,11
chai,11
ragout,11
bittersweet,11
cassoulet,11
creole,10
beignets,10
farmers,10
shanks,10
pad,10
good,10
velvet,10
taco,10
tropical,10
porridge,10
shepherds,10
texas,10
chestnut,10
mash,10
teriyaki,10
marmalade,10
flourless,10
blueberries,10
fat,10
sriracha,10
anchovies,10
currants,10
roll,10
scallop,10
autumn,10
prunes,10
hearts,10
crumbs,10
cannellini,10
yukon,10
o,10
crostata,10
strip,10
gallo,10
andouille,10
sauteed,10
easter,10
key,10
mojo,10
quesadillas,10
scrambled,10
fillets,10
israeli,10
bas,10
persimmon,10
salty,10
jus,10
calamari,10
edamame,10
ball,10
house,9
marjoram,9
striped,9
brew,9
cob,9
hand,9
bone,9
sausages,9
cornish,9
parfait,9
bar,9
squares,9
prosecco,9
topped,9
falafel,9
hanger,9
salata,9
buttercream,9
macaroni,9
ahead,9
biscuit,9
ravioli,9
under,9
graham,9
cured,9
fall,9
pho,9
posole,9
cuban,9
crushed,9
curd,9
soufflés,9
sake,9
blossom,9
giant,9
minty,9
crudités,9
tagine,9
nectarine,9
sparkling,9
cup,9
cobb,9
nachos,9
icebox,9
minestrone,9
york,9
pico,9
en,9
peppercorn,9
ramp,9
face,9
out,9
day,9
whiskey,9
carolina,9
to,9
crema,9
y,9
rich,9
chewy,9
garbanzo,9
tortillas,9
kabocha,9
market,9
rosé,9
puree,9
open,9
cooler,9
sushi,8
sardines,8
powder,8
peel,8
wasabi,8
brandy,8
blackberries,8
can,8
bulgur,8
pancake,8
panko,8
tartlets,8
clementine,8
bucatini,8
jicama,8
gorgonzola,8
paneer,8
pepe,8
burst,8
daikon,8
burnt,8
chestnuts,8
cashews,8
coleslaw,8
negroni,8
liver,8
bitter,8
romesco,8
rainbow,8
brothy,8
martini,8
drumsticks,8
okra,8
alla,8
farfalle,8
linzer,8
plantain,8
zest,8
quince,8
tapioca,8
rings,8
energy,8
way,8
nutty,8
covered,8
panfried,8
lasagne,8
butterflied,8
scampi,8
flour,8
dutch,8
croquettes,8
sorghum,8
portobello,8
shellfish,8
niçoise,8
pull,8
from,8
smash,8
drop,8
amaretti,8
pizzas,8
gingersnap,8
boozy,8
cast,8
filling,8
sauces,8
boil,8
basted,8
delicata,7
lemons,7
baklava,7
lattice,7
manhattan,7
daiquiri,7
puttanesca,7
parfaits,7
chanterelle,7
southern,7
turnip,7
carne,7
lettuces,7
cacio,7
gochujang,7
sunday,7
agrodolce,7
vin,7
sliced,7
stout,7
individual,7
passion,7
spelt,7
succotash,7
ramps,7
shishito,7
octopus,7
garden,7
haricots,7
verts,7
pistou,7
slice,7
fool,7
aïoli,7
morels,7
marcona,7
yam,7
chop,7
english,7
poke,7
dijon,7
hens,7
star,7
jammy,7
skin,7
infused,7
bananas,7
ratatouille,7
stack,7
acorn,7
float,7
pots,7
dish,7
macadamia,7
hard,7
romano,7
flavored,7
king,7
bison,7
tequila,7
scalloped,7
better,7
torta,7
smores,7
chilaquiles,7
2,7
crowd,7
north,7
carnitas,7
extra,7
aux,7
dal,7
snack,7
challah,7
purple,7
tartare,7
julep,7
apart,7
ba,7
mi,7
tzatziki,6
shakshuka,6
swedish,6
brine,6
cipolline,6
dukkah,6
millet,6
palm,6
gouda,6
diy,6
belgian,6
shawarma,6
guanciale,6
mezcal,6
rösti,6
antipasto,6
clafoutis,6
mojito,6
guava,6
layered,6
calvados,6
grains,6
aged,6
holiday,6
nectarines,6
seasoned,6
porterhouse,6
sambal,6
pavlova,6
pastor,6
weeknight,6
pimiento,6
fingers,6
harvest,6
filipino,6
sicilian,6
nutella,6
street,6
savoy,6
carpaccio,6
iceberg,6
amaretto,6
fajitas,6
provolone,6
moms,6
diner,6
you,6
salami,6
banh,6
poppers,6
magic,6
marinara,6
mulled,6
drizzle,6
seasoning,6
royal,6
blanket,6
grand,6
n,6
frangipane,6
gumbo,6
oxtail,6
shiitakes,6
cocktails,6
concord,6
brandied,6
chermoula,6
chicory,6
terrine,6
blanco,6
bisque,6
flaky,6
sichuan,6
microwave,6
very,6
fudgy,6
mackerel,6
napa,6
pressed,6
candies,6
brick,6
gelato,6
gingery,5
hawaiian,5
rancheros,5
bottom,5
bratwurst,5
cracked,5
hush,5
wood,5
blender,5
porchetta,5
freezer,5
focaccia,5
stars,5
tagliatelle,5
strata,5
ambrosia,5
macaroon,5
pepitas,5
platter,5
macaroons,5
four,5
sticks,5
panini,5
sirloin,5
low,5
bagna,5
super,5
middle,5
satay,5
peppery,5
blossoms,5
piña,5
hobo,5
floats,5
rican,5
malted,5
riesling,5
cassis,5
whoopie,5
rugelach,5
shortcake,5
pomodoro,5
cannelloni,5
paillards,5
plain,5
stroganoff,5
dye,5
alfredo,5
truffled,5
side,5
everything,5
thumbprints,5
75,5
puffs,5
popovers,5
sabayon,5
spoon,5
pantry,5
german,5
15,5
shells,5
amaranth,5
kefir,5
veg,5
prawns,5
sazerac,5
aperol,5
lace,5
sorrel,5
blackened,5
tri,5
tip,5
piquillo,5
papaya,5
coq,5
puff,5
twists,5
grandma,5
shamrock,5
spareribs,5
russian,5
brie,5
game,5
affogato,5
habanero,5
triangles,5
parchment,5
blinis,5
saucy,5
cioppino,5
cut,5
arepas,5
cook,5
pollo,5
tartines,5
meringues,5
schnitzel,5
smothered,5
haroseth,5
agave,5
aleppo,5
crudo,5
picadillo,5
island,5
gingered,5
branzino,5
fizz,5
pressure,5
pop,5
flowers,5
fattoush,5
power,5
paletas,5
limoncello,5
campari,5
gem,5
traditional,5
tempura,5
everyday,5
pâté,5
smoke,5
waffle,5
spritzer,5
lady,5
rouille,5
crawfish,5
shots,5
blondies,5
cracker,5
fondue,5
american,5
trail,5
grated,5
farmhouse,4
gâteau,4
wet,4
treviso,4
refried,4
custards,4
cheeseburgers,4
minted,4
lots,4
girl,4
poblanos,4
madeira,4
lassi,4
flavors,4
huevos,4
marsala,4
puerto,4
sel,4
ziti,4
halloween,4
parmigiano,4
shell,4
spaetzle,4
packs,4
silky,4
pimento,4
yuca,4
marys,4
sole,4
tikka,4
cayenne,4
knead,4
heart,4
birthday,4
jack,4
bulgogi,4
puppies,4
strudel,4
pimms,4
asiago,4
cubano,4
tortellini,4
dirty,4
aguacate,4
gnudi,4
bombe,4
african,4
jell,4
boneless,4
grass,4
blade,4
fancy,4
fricassée,4
labneh,4
shrub,4
limeade,4
stacks,4
fed,4
cavatelli,4
churn,4
monkey,4
marnier,4
faux,4
nutmeg,4
pinto,4
10,4
zabaglione,4
marzipan,4
allamatriciana,4
sundae,4
devils,4
flounder,4
poivre,4
tempeh,4
england,4
roulade,4
petal,4
coated,4
marbled,4
dilly,4
california,4
tilapia,4
vermouth,4
ketchup,4
high,4
mussel,4
fragrant,4
madeleines,4
wafers,4
gigante,4
noël,4
jícama,4
guajillo,4
oats,4
pommes,4
crêpes,4
processor,4
peruvian,4
thumbprint,4
árbol,4
caramels,4
pandowdy,4
padrón,4
ever,4
wedge,4
semolina,4
charmoula,4
muffin,4
5,4
morning,4
tiramisù,4
monte,4
mex,4
easiest,4
aka,4
purpose,4
borscht,4
lebanese,4
remoulade,4
béarnaise,4
gelée,4
biscotti,4
peppered,4
fingerlings,4
skinned,4
vide,4
sous,4
licorice,4
gefilte,4
walla,4
rajas,4
tiny,4
long,4
saltimbocca,4
as,4
limone,4
brodo,4
piri,4
pastrami,4
escabèche,4
party,4
yams,4
chanterelles,4
cheeses,4
pigs,4
mug,4
plantains,4
split,4
box,4
rock,4
1,4
collins,4
saint,4
kumquats,4
bluefish,4
ribbons,4
ember,4
browned,4
asada,4
stewed,4
like,4
southeast,4
cane,4
jambalaya,4
fruitcake,4
scotch,4
passover,4
gougères,4
your,4
overnight,4
size,4
loaded,4
melt,4
freekeh,4
earl,4
grey,4
cauda,4
fermented,4
ribbon,4
eastern,4
baja,4
dr,4
croque,4
larb,4
nougat,4
preserves,4
provencal,4
4,4
mein,4
spices,4
planked,4
sunny,4
years,4
merguez,4
bite,4
glass,4
tex,3
chayote,3
kugel,3
scout,3
muffuletta,3
vesper,3
slab,3
despelette,3
taleggio,3
orleans,3
22,3
lo,3
san,3
haitian,3
mandarin,3
neapolitan,3
fettucine,3
lima,3
bouillabaisse,3
cognac,3
six,3
burrito,3
hasselback,3
molten,3
reubens,3
yeasted,3
ash,3
bagnat,3
madame,3
tin,3
joes,3
mrs,3
fillet,3
margherita,3
pepita,3
greenest,3
milkshake,3
fluffy,3
brûléed,3
consommé,3
jellies,3
baguette,3
chickens,3
special,3
halvah,3
ruby,3
navy,3
mud,3
capellini,3
fruity,3
fregola,3
tender,3
tom,3
royale,3
prime,3
t,3
currant,3
yakitori,3
membrillo,3
tree,3
tunisian,3
stracciatella,3
strozzapreti,3
crystallized,3
calabrian,3
cowboy,3
shoots,3
coeur,3
edible,3
redeye,3
sandies,3
pluot,3
veggies,3
dandelion,3
ditalini,3
chilli,3
lump,3
sprouted,3
primavera,3
coins,3
honeyed,3
vadouvan,3
masa,3
salads,3
achiote,3
kiwi,3
chamomile,3
real,3
bo,3
family,3
patty,3
parmigiana,3
cosmopolitan,3
breaded,3
jamaican,3
derby,3
aromatic,3
agnello,3
panang,3
kalamata,3
dhal,3
inside,3
nduja,3
grappa,3
caipirinha,3
breadcrumb,3
lychees,3
colada,3
islands,3
galettes,3
crock,3
elderflower,3
jalapeños,3
wonton,3
michelada,3
home,3
fagioli,3
zuppa,3
monster,3
meal,3
benedict,3
not,3
souffléed,3
chess,3
lacquered,3
kombu,3
dont,3
matzoh,3
crêpe,3
deluxe,3
vine,3
cacciatore,3
ale,3
detox,3
beurre,3
tiki,3
marble,3
tray,3
garnet,3
bellini,3
migas,3
peperonata,3
sugared,3
danish,3
pisco,3
bianca,3
ouzo,3
bibimbap,3
gimlet,3
cola,3
brochettes,3
gribiche,3
flatiron,3
jasmine,3
hungarian,3
hole,3
persimmons,3
butt,3
misto,3
hour,3
fritto,3
southwestern,3
leafy,3
slush,3
dusted,3
chocolat,3
rotisserie,3
st,3
frites,3
cristo,3
tamales,3
cordon,3
croissant,3
bleu,3
multi,3
spaghettini,3
mâche,3
sponge,3
nuggets,3
browns,3
simplest,3
hominy,3
mr,3
garam,3
highball,3
ajo,3
mile,3
crudites,3
stash,3
verbena,3
tie,3
hamantaschen,3
mesclun,3
gai,3
napoleons,3
aviation,3
crazy,3
hen,3
choucroute,3
cannoli,3
east,3
press,3
farm,3
crumbles,3
dashi,3
world,3
gras,3
fruits,3
foie,3
pbj,3
picnic,3
frico,3
coco,3
refresher,3
vermicelli,3
panettone,3
whip,3
any,3
fiery,3
memphis,3
melted,3
eggnog,3
venison,3
cacao,3
ensalada,3
haddock,3
ragoût,3
papillote,3
snickerdoodle,3
dumpling,3
caldo,3
so,3
café,3
seven,3
piccata,3
feel,3
toum,3
seaweed,3
nori,3
katsu,3
city,3
collards,3
portuguese,3
fresco,3
mai,3
sorbetto,3
cabernet,3
late,3
speck,3
bagels,3
skate,3
churros,3
potted,3
deconstructed,3
kumquat,3
margaritas,3
stilton,3
wontons,3
clementines,3
moon,3
rounds,3
secret,3
creamsicle,3
skordalia,3
basmati,3
than,3
strips,3
juniper,3
night,3
supper,3
singapore,3
bûche,3
seedy,3
sprinkle,3
salumi,3
confetti,3
bubble,3
melts,3
el,3
blend,3
mothers,3
doughnut,3
mule,3
pozole,3
cornflake,3
brads,3
schmaltz,3
blondie,3
flaxseed,3
eggplants,3
paloma,3
tamale,3
rojo,3
macarons,3
bitters,3
bistecca,3
latte,3
comfort,3
cassava,3
crusty,3
brussel,3
whisky,3
seitan,3
nib,3
fleur,3
tiger,3
speedy,3
tarator,3
chowchow,3
seeded,3
calzones,3
crescents,3
colombian,3
buco,2
romanesco,2
foil,2
pasties,2
osso,2
true,2
szechuan,2
escabeche,2
toscano,2
tomatillos,2
mexicana,2
vegducken,2
philadelphia,2
cointreau,2
swizzle,2
negimaki,2
is,2
pajeon,2
bakes,2
wellington,2
boar,2
velouté,2
summery,2
stickers,2
yucatán,2
farmstand,2
cones,2
pansit,2
poboy,2
fun,2
porter,2
callaloo,2
lardon,2
sunrise,2
frisee,2
fifty,2
lavash,2
paprikash,2
drink,2
road,2
how,2
steel,2
happy,2
ciabatta,2
piment,2
club,2
buck,2
slushy,2
jamón,2
thousand,2
young,2
conserve,2
braciole,2
parrilla,2
starry,2
tonys,2
tonnato,2
meunière,2
nog,2
goose,2
okonomiyaki,2
lollipops,2
yucatecan,2
roe,2
go,2
littleneck,2
flakes,2
bonito,2
chiffon,2
pernod,2
roof,2
verdes,2
people,2
bakewell,2
honeyglazed,2
cutlet,2
hearty,2
fra,2
diavolo,2
poussins,2
cran,2
mummy,2
conch,2
express,2
pepperoncini,2
fonduta,2
fiesta,2
sunflower,2
stacked,2
stormy,2
dog,2
hey,2
dream,2
form,2
campanelle,2
pastries,2
summers,2
dads,2
gemelli,2
baccalà,2
flapjacks,2
shanghai,2
ghosts,2
spiderweb,2
fixings,2
cultured,2
tini,2
tortas,2
epis,2
blts,2
halva,2
fixins,2
oeufs,2
pastitsio,2
eggy,2
lees,2
quesadilla,2
mapo,2
lebkuchen,2
solterito,2
7,2
paratha,2
medallions,2
smore,2
parisian,2
quark,2
toulouse,2
shiso,2
pouch,2
canard,2
dengaku,2
blocks,2
alt,2
xo,2
rabbit,2
maxines,2
ombre,2
créme,2
campfire,2
scottish,2
labne,2
poultry,2
torn,2
build,2
köfte,2
persillade,2
wax,2
cigars,2
chunks,2
batter,2
linzertorte,2
nuoc,2
cham,2
neo,2
zesty,2
string,2
skins,2
soaked,2
creme,2
gratineed,2
ai,2
martinis,2
cruda,2
tamarillo,2
florida,2
india,2
nasturtium,2
slices,2
thigh,2
horchata,2
glittering,2
croquembouche,2
winebraised,2
50,2
eat,2
cubes,2
mare,2
bird,2
popsicles,2
bun,2
baskets,2
gooey,2
plátanos,2
scape,2
tops,2
firehouses,2
griddle,2
chiltern,2
its,2
elvis,2
inspired,2
anything,2
brei,2
nanas,2
flash,2
rickey,2
fallen,2
threat,2
lillet,2
nonna,2
limón,2
roman,2
turnover,2
palmiers,2
luxe,2
sunshine,2
salsicce,2
pok,2
rillettes,2
hoecakes,2
hamburger,2
ups,2
ssäm,2
sonoran,2
goats,2
ghee,2
yule,2
picada,2
petals,2
cress,2
cereal,2
puffed,2
florentines,2
dippers,2
mochi,2
amarillo,2
gastrique,2
catfish,2
boats,2
buckle,2
butters,2
petits,2
coolers,2
witches,2
tartine,2
fundido,2
snake,2
yeast,2
bil,2
spumoni,2
handmade,2
pinot,2
potpie,2
naan,2
wing,2
vongole,2
lacinato,2
marbella,2
zeppole,2
flavor,2
bibb,2
love,2
bones,2
cleansing,2
anglaise,2
roulades,2
fridge,2
without,2
floating,2
ecuadoran,2
blini,2
boston,2
halo,2
paris,2
parker,2
cactus,2
famous,2
shakerato,2
casino,2
galician,2
sherbet,2
log,2
pig,2
tonkatsu,2
merlot,2
comte,2
dosas,2
oaxaca,2
hong,2
protein,2
burritos,2
le,2
ink,2
chi,2
souffles,2
pick,2
mille,2
dacquoise,2
barberries,2
maw,2
marrow,2
dominican,2
sunset,2
assorted,2
canapés,2
brazilian,2
omelette,2
choux,2
maque,2
togarashi,2
tasso,2
khao,2
noir,2
bee,2
sardine,2
beluga,2
head,2
khorma,2
polow,2
kielbasa,2
wedding,2
aguachile,2
reggiano,2
whitefish,2
sablés,2
cubanelle,2
extreme,2
heroes,2
herbes,2
fiorentina,2
me,2
birria,2
half,2
killer,2
yorkshire,2
devil,2
cavatappi,2
wrappers,2
vidalia,2
milanese,2
manicotti,2
yum,2
hair,2
babees,2
caipirinhas,2
tacu,2
amandine,2
buddha,2
armagnac,2
air,2
hollandaise,2
anna,2
cerdo,2
mock,2
thins,2
smoothies,2
miss,2
applesauce,2
fryer,2
salade,2
moist,2
ultra,2
norma,2
modern,2
chow,2
variations,2
hake,2
alaskan,2
barigoule,2
avgolemono,2
lantern,2
pizzaiola,2
pitcher,2
mullet,2
wakame,2
tenders,2
crustless,2
toppings,2
bomboloni,2
enchilada,2
paccheri,2
sizzling,2
pâte,2
milanesa,2
zinfandel,2
southwest,2
pasteles,2
barramundi,2
toasties,2
drumettes,2
wrap,2
plate,2
shoot,2
arancini,2
braeburn,2
sufganiyot,2
kansas,2
she,2
reuben,2
turtle,2
poulet,2
cornichons,2
empanadas,2
pralines,2
ripiene,2
lumpia,2
mimosa,2
this,2
gorditas,2
alaska,2
knees,2
beers,2
jumbo,2
shandy,2
breadsticks,2
original,2
gratinata,2
flag,2
treats,2
camembert,2
coulis,2
pasilla,2
boudin,2
tartes,2
stollen,2
recipe,2
waffled,2
british,2
hanukkah,2
financiers,2
palmer,2
cedar,2
feu,2
forno,2
retro,2
be,2
valley,2
pavlovas,2
pretzels,2
maitake,2
parm,2
fix,2
tartar,2
nextover,2
rellenos,2
tsatsiki,2
kiss,2
uva,2
mess,2
struffoli,2
breads,2
fajita,2
paradise,2
master,2
stems,2
bundles,2
cajun,2
gravlax,2
zebra,2
standing,2
passionfruit,2
tatins,2
grown,2
mortadella,2
siesta,2
afternoon,2
turbot,2
papas,2
shop,2
slushies,2
barbacoa,2
peppercorns,2
sprinkles,2
crisped,2
tangerines,2
budino,2
midnight,2
bag,2
flat,2
soju,2
cotija,2
forest,2
trio,2
yellowtail,2
orrechiette,2
ponzu,2
shirred,2
bagel,2
eben,2
tai,2
sparkler,2
large,2
surprise,2
eyeballs,2
fast,2
fricassee,2
fire,2
hurry,2
freemans,2
onigiri,2
clay,2
south,2
spiral,2
crispies,2
arroz,2
checca,2
pinwheels,2
buttons,2
brigadeiros,2
na,2
blanc,2
rustica,2
ga,2
ribollita,2
souffle,2
donabe,2
nacho,2
roquefort,2
quail,2
allspice,2
cool,2
springtime,2
pearls,2
perfectly,2
bologna,2
béchamel,2
brandade,2
sunchoke,2
caramelchocolate,2
tomate,2
battered,2
peak,2
cynar,2
congee,2
omelets,2
chunky,2
cupcake,2
borani,2
scramble,2
swirled,2
wreath,2
shank,2
mangoes,2
delight,2
sirop,2
kid,2
ready,2
bosc,2
betty,2
bengali,2
law,2
muhammara,2
flower,2
decker,2
paper,2
amatriciana,2
leftover,2
vase,2
finger,2
bream,2
friendly,2
limes,2
coupe,2
thin,2
school,2
sablé,2
monkfish,2
seckel,2
kosho,2
yuzu,2
sloppy,2
angry,2
donut,2
kare,2
slushie,2
mahimahi,2
jalapeno,2
saucemarinated,2
bill,2
spanakopita,2
runner,2
purslane,2
umeboshi,2
aqua,2
guinness,2
packets,2
lake,1
iuzzinis,1
napoletana,1
du,1
agnolotti,1
yemeni,1
blueberriest,1
bob,1
charles,1
burmese,1
thoke,1
washboards,1
tourtière,1
peasant,1
jodys,1
fruitti,1
tailgaters,1
jar,1
ginerator,1
florentine,1
rebosado,1
6,1
muddle,1
gnocchetti,1
tsimis,1
laurentiiss,1
link,1
giada,1
fluffiest,1
tetrazzini,1
emergency,1
creamiest,1
pit,1
spiedino,1
wiener,1
pruneaux,1
lapin,1
brochette,1
fosters,1
moussefilled,1
just,1
grandmas,1
soffritto,1
adobada,1
falconiere,1
witchs,1
frascatelli,1
taquero,1
megans,1
baba,1
ghanoush,1
mattone,1
siobhans,1
syrian,1
angelos,1
uncle,1
painful,1
chana,1
portobellos,1
mother,1
ring,1
lucky,1
penang,1
wonky,1
mode,1
saba,1
monsieur,1
finnan,1
after,1
dolce,1
hello,1
forked,1
farcis,1
tricolor,1
butterfinger,1
haddie,1
creamfilled,1
saras,1
cracklings,1
forever,1
rémoulade,1
cantonese,1
bún,1
bò,1
pats,1
hue,1
nero,1
cavolo,1
bow,1
restorative,1
tomboy,1
drumstick,1
storm,1
ipanema,1
q,1
look,1
b,1
shack,1
gibsons,1
lorange,1
friends,1
naamas,1
laurens,1
chupacabra,1
guests,1
santas,1
whiskers,1
esthers,1
sweets,1
sliha,1
pinhead,1
fyrstekake,1
popped,1
bonhommes,1
holes,1
mochas,1
natural,1
patricias,1
familys,1
llorona,1
il,1
viennese,1
kendras,1
taramasalata,1
ahi,1
honeycomb,1
pal,1
lions,1
payasam,1
clarified,1
quiches,1
parcels,1
puli,1
inji,1
desimons,1
parboiled,1
petes,1
outdoor,1
bounce,1
shih,1
flageolets,1
jalebi,1
ssc,1
scott,1
carom,1
excellent,1
poori,1
glorious,1
tzu,1
qatayef,1
tou,1
cakewiches,1
rising,1
aviyal,1
thoren,1
tournedos,1
butlers,1
tía,1
rosa,1
yaki,1
kona,1
ruth,1
gunge,1
spot,1
eichners,1
lion,1
dandy,1
annie,1
laus,1
ciambella,1
robiola,1
buckley,1
gardeners,1
rockin,1
peachpearapple,1
ladolemono,1
marinière,1
cap,1
zombies,1
stripe,1
pitas,1
grinders,1
sluggers,1
piquant,1
balm,1
tsoureki,1
burgoo,1
frontera,1
salmorejo,1
seattle,1
francisco,1
dan,1
glacée,1
grills,1
greys,1
rasam,1
sidewalker,1
xoco,1
lord,1
baltimore,1
rubens,1
romans,1
loftiest,1
peanutty,1
aloe,1
eyes,1
cloverleaf,1
saganaki,1
flaxels,1
kentucky,1
jumbuck,1
madness,1
aid,1
bags,1
tomales,1
kool,1
rockefellar,1
kalbi,1
busters,1
skewered,1
dauphinoise,1
carroty,1
adam,1
mascerated,1
drippings,1
wilderness,1
trifecta,1
fair,1
bobs,1
macedonia,1
borracha,1
hecks,1
scarborough,1
honeysuckle,1
saute,1
sleeping,1
hirsheimers,1
wellss,1
maduros,1
ripe,1
asado,1
wassail,1
simply,1
cafe,1
splendid,1
toms,1
lechon,1
pepes,1
wreaths,1
gourmet,1
clafouti,1
lives,1
patricia,1
concentrate,1
surfers,1
engagement,1
first,1
bloodied,1
maru,1
danners,1
waxmans,1
froyo,1
turbinado,1
melba,1
colcannon,1
inn,1
johnny,1
mirin,1
camarón,1
potlikker,1
choroshte,1
hakurei,1
stumptown,1
noone,1
bulgar,1
flip,1
gingersnaps,1
trinidadian,1
chamei,1
rittenhouse,1
keftedes,1
ephron,1
nora,1
cheesemongers,1
tasty,1
chelo,1
meringe,1
signals,1
grunt,1
witch,1
avocados,1
clinched,1
pepiada,1
cafecito,1
extract,1
honoré,1
parkside,1
muesli,1
lan,1
phams,1
flares,1
cecylia,1
popeye,1
shiny,1
merveilles,1
roznowskas,1
pieces,1
lovage,1
hierbas,1
taqueria,1
francis,1
pappadams,1
pole,1
aquavit,1
fathers,1
poblanas,1
reina,1
panakam,1
nach,1
cottas,1
grandad,1
wide,1
parmeggiano,1
rigate,1
mujadara,1
leaving,1
personal,1
schnecken,1
douglass,1
gabriella,1
aryas,1
snitched,1
provence,1
stones,1
norwegian,1
tyroshi,1
alle,1
jammers,1
pannacotta,1
domino,1
ragu,1
honeyfingers,1
dubonnet,1
peameal,1
diplomat,1
persephone,1
boeuf,1
chaussons,1
carioca,1
button,1
dungeness,1
amazonia,1
blis,1
heritage,1
cheeks,1
joues,1
agrumes,1
casalinga,1
moka,1
et,1
nage,1
widows,1
touch,1
mostarda,1
gnocci,1
fritti,1
millefeuille,1
scarlet,1
vadoum,1
neige,1
duo,1
eel,1
anguilla,1
livernese,1
vesuviana,1
chiporange,1
woodland,1
sorbets,1
scarpariello,1
gingercream,1
poire,1
william,1
sable,1
unstuffed,1
sauternes,1
geleé,1
marbles,1
prune,1
moscatel,1
classical,1
claw,1
chilies,1
joint,1
bazooka,1
majestic,1
anne,1
whitemans,1
owl,1
host,1
haunted,1
tartin,1
flamiche,1
poireaux,1
mozzerella,1
lisu,1
sherried,1
pattypan,1
watermelonade,1
tortoni,1
deshebrada,1
roja,1
saté,1
foo,1
bubblegum,1
wheel,1
relief,1
wagon,1
moo,1
shu,1
yangzhou,1
smokin,1
buckeyes,1
aussie,1
pann,1
porcupine,1
flap,1
framboises,1
consomme,1
hats,1
scallopini,1
beggars,1
purses,1
rarebit,1
flowering,1
vingaigrette,1
bbqs,1
siciliana,1
gamberoni,1
colander,1
catch,1
eula,1
maes,1
making,1
starter,1
levain,1
scratch,1
pouches,1
frittatas,1
carob,1
pinenuts,1
housewife,1
raised,1
shitake,1
wisconsin,1
omega,1
acini,1
negronis,1
santo,1
nonnas,1
trapanese,1
etouffée,1
bienville,1
ceci,1
bello,1
thirty,1
cloves,1
teatime,1
blush,1
ramos,1
sand,1
monk,1
martinez,1
diablo,1
liquid,1
apio,1
rey,1
abruzzo,1
gorp,1
cloverleafs,1
aparts,1
topknots,1
cornstalk,1
fantails,1
frutti,1
porterfield,1
daredevils,1
lets,1
celtic,1
death,1
abinsthe,1
frappe,1
absinthe,1
suissesse,1
chrysanthemum,1
angels,1
brocollini,1
gallete,1
sidecar,1
marmelade,1
mexico,1
chalupas,1
aunt,1
bills,1
lisa,1
loebs,1
stonefruit,1
farmland,1
sucuk,1
dale,1
mimosas,1
gift,1
evergreen,1
campagne,1
wholewheat,1
piroshki,1
grosss,1
spotted,1
dick,1
maki,1
krispies,1
latin,1
pollock,1
coffeecake,1
twelve,1
buttercreams,1
moravian,1
pàte,1
moons,1
flans,1
yung,1
scandinavian,1
dips,1
tolstoi,1
guanabana,1
sancocho,1
salvadoran,1
empañadas,1
milkie,1
gelati,1
marzano,1
cherokee,1
oxheart,1
stoli,1
chèvre,1
kasha,1
cone,1
tortelloni,1
eclairs,1
mosaic,1
gimlets,1
pissaladiere,1
global,1
smokey,1
elephant,1
bonbons,1
gummies,1
ghoulash,1
cardoons,1
fuyu,1
braising,1
garnish,1
wildflower,1
rutabagas,1
pipérade,1
crimini,1
sunken,1
parsi,1
diane,1
sophisto,1
grissini,1
sidecars,1
blancmange,1
barolo,1
bresaola,1
delhi,1
croustade,1
sockeye,1
haloumi,1
bonnet,1
bombay,1
drinks,1
guavas,1
shark,1
flambé,1
125th,1
malanga,1
saltfish,1
toddies,1
tisane,1
haricot,1
vert,1
salzburger,1
nockerl,1
filets,1
mignons,1
shavings,1
pumpernickel,1
brasato,1
mandorle,1
enchilado,1
pizzette,1
spiedini,1
caucasus,1
shakes,1
tres,1
agavess,1
appenzeller,1
moqueca,1
capixaba,1
canapes,1
filet,1
mignon,1
crystal,1
posset,1
siu,1
breton,1
küchen,1
puebla,1
venetian,1
tikkas,1
cheesecakes,1
dome,1
lotus,1
satsumas,1
splits,1
besciamella,1
fave,1
cipolla,1
rossa,1
menta,1
testo,1
umbrian,1
crespella,1
cappellacci,1
kaffir,1
betel,1
dolls,1
pupi,1
titola,1
panelle,1
upsidedown,1
mobys,1
profiteroles,1
saumon,1
lentilles,1
bianco,1
dama,1
pailles,1
maiale,1
bumbles,1
xiao,1
fans,1
empanaditas,1
goan,1
leather,1
sansho,1
slivers,1
ume,1
parsleyed,1
georgian,1
favas,1
pibil,1
yuba,1
albicocche,1
perugian,1
piselli,1
asparagi,1
basilico,1
shoe,1
entrecôte,1
candyland,1
souvlaki,1
boursin,1
virgin,1
borlotti,1
parma,1
bavarian,1
almondine,1
rickeys,1
trees,1
torrone,1
langues,1
chat,1
gelees,1
trios,1
yodel,1
orchards,1
ananda,1
grinder,1
hero,1
flaming,1
tarama,1
lowcountry,1
arrosto,1
sharp,1
simplified,1
drunken,1
roly,1
poly,1
piecaramelized,1
boysenberries,1
pariss,1
crimson,1
zuni,1
tortes,1
johnnycake,1
pom,1
ade,1
artisanal,1
châteaubriand,1
featherlight,1
simmered,1
brunswick,1
copes,1
served,1
champ,1
azteca,1
noix,1
trouchia,1
supremes,1
volaille,1
who,1
think,1
they,1
hate,1
blanca,1
sugarcane,1
produce,1
manioc,1
stand,1
treacle,1
bangkok,1
creams,1
inch,1
simón,1
tetilla,1
cantal,1
carbonnade,1
hudson,1
drambuie,1
delucas,1
dean,1
ovo,1
cebolinha,1
cocada,1
snaps,1
verte,1
leland,1
teleme,1
tips,1
calzone,1
cambodian,1
mann,1
oeng,1
ktem,1
sor,1
marech,1
volcano,1
mousseline,1
coast,1
salsita,1
flamande,1
dessert,1
empanada,1
anchoagarlic,1
stagionato,1
sisis,1
tendrils,1
artic,1
soupy,1
samosa,1
nutbutter,1
arepa,1
molded,1
bunny,1
ocallaghans,1
captain,1
purgatory,1
bran,1
tier,1
valenciana,1
feijoada,1
chef,1
cobblers,1
liqueur,1
minimalists,1
pimient,1
marinato,1
zachs,1
tierra,1
biscochitos,1
hurricane,1
jacquess,1
inos,1
aceitunas,1
piquillos,1
income,1
tax,1
piquitos,1
enrique,1
dacostaenriques,1
pour,1
julia,1
nights,1
julias,1
kotopoulo,1
tiganito,1
farofa,1
queijo,1
loads,1
alices,1
kaki,1
agé,1
amalfi,1
saigon,1
mizuna,1
kasseri,1
bùche,1
trimming,1
santa,1
curious,1
pão,1
refrigerator,1
sparkle,1
sirens,1
song,1
kolacky,1
stained,1
ornaments,1
cracklins,1
steins,1
ten,1
earth,1
heaven,1
reshteh,1
cincinnati,1
bourguinonne,1
taquitos,1
republic,1
rio,1
grande,1
supreme,1
sugarginger,1
thick,1
cross,1
proscuitto,1
pas,1
lickin,1
viet,1
mission,1
roccos,1
book,1
hills,1
cutouts,1
delicate,1
teddies,1
canzanese,1
corvina,1
kahlúa,1
lattes,1
tons,1
monterey,1
spuntino,1
tennessee,1
mountain,1
cassata,1
end,1
week,1
deli,1
cajeta,1
blended,1
dinosaur,1
caveman,1
olivada,1
slather,1
nojito,1
tipsy,1
mixto,1
quetsches,1
kataifi,1
perciatelli,1
shaker,1
seviche,1
orchard,1
early,1
mhanncha,1
spooky,1
vasilopita,1
chandon,1
brut,1
muerto,1
farrotto,1
pinenut,1
marie,1
hélènes,1
waldorf,1
conserva,1
peace,1
emulsion,1
brasa,1
slump,1
liptauer,1
gulasch,1
doro,1
brisée,1
dilled,1
happiness,1
frappé,1
goldies,1
cookiescookie,1
cappuccino,1
outside,1
aji,1
wett,1
albóndigas,1
portabella,1
catalina,1
coals,1
darned,1
romanoff,1
oi,1
gimchi,1
japchae,1
layers,1
chantilly,1
charentais,1
provençale,1
meze,1
butterhead,1
spritzers,1
lucia,1
phoenician,1
chervil,1
chivito,1
rilletes,1
custom,1
made,1
arancine,1
ras,1
hanout,1
jade,1
salsas,1
kuchen,1
portabellas,1
arrabiata,1
gianduia,1
pierogi,1
brother,1
davids,1
uku,1
périgord,1
perdu,1
mccrackens,1
cure,1
mich,1
pint,1
moussaka,1
sachertorte,1
algerian,1
straws,1
tuiles,1
jasmins,1
sorbato,1
sauteéd,1
robins,1
place,1
card,1
marbleized,1
delights,1
gyros,1
pain,1
sours,1
laulau,1
naranjilla,1
sariwa,1
berrywich,1
fabric,1
centerpiece,1
flying,1
saucers,1
redux,1
sweetened,1
pekoe,1
tigers,1
soupe,1
huancaína,1
volador,1
crabmeat,1
anticuchos,1
lomo,1
chonta,1
ají,1
gallina,1
beefsteak,1
heros,1
shorties,1
chowders,1
shoefly,1
rava,1
thé,1
mantecato,1
slivered,1
fromage,1
citron,1
ou,1
marblehead,1
louises,1
korova,1
buttter,1
maamoul,1
chevre,1
zamosc,1
blisters,1
sisters,1
deborah,1
madisons,1
lait,1
tzatsiki,1
doused,1
tuille,1
lingonberry,1
temper,1
timmys,1
cupped,1
calas,1
plat,1
grandmother,1
walterss,1
grillades,1
casônsèi,1
val,1
camonica,1
minis,1
cosmo,1
gardein,1
scaloppini,1
nepenthes,1
packed,1
piloncillo,1
pate,1
mincemeat,1
bevy,1
loaves,1
addiction,1
hed,1
fakthong,1
bai,1
horapa,1
brioches,1
fuji,1
gala,1
funny,1
glowing,1
mama,1
voulas,1
local,1
blues,1
busting,1
fusilli,1
xuxu,1
figgy,1
piggy,1
mok,1
topiary,1
bâtardes,1
cardboard,1
koffie,1
van,1
brunt,1
petrale,1
gruel,1
skeletal,1
amy,1
sedariss,1
breadcrusted,1
thumbelina,1
canton,1
kick,1
hip,1
anson,1
mills,1
ciambotta,1
napkin,1
decorated,1
corrugated,1
yarnall,1
spicerubbed,1
janet,1
condensed,1
potatotahini,1
aniseblack,1
chocolatealmond,1
peels,1
kombucha,1
tofurkey,1
witching,1
mesquite,1
stress,1
gyro,1
halal,1
cart,1
detroit,1
peter,1
luger,1
papa,1
johns,1
piccante,1
cremini,1
oilconfit,1
kadi,1
gujarti,1
bonnies,1
tiles,1
frenchs,1
medal,1
drops,1
nutter,1
sformati,1
pistachiowhite,1
blissed,1
if,1
aint,1
broke,1
set,1
forget,1
multipurpose,1
drip,1
gias,1
amarena,1
pounded,1
explosion,1
dole,1
friands,1
collars,1
border,1
chicharrón,1
casera,1
arnold,1
spiedie,1
fregolotta,1
kids,1
somali,1
bariis,1
maraq,1
sundal,1
salties,1
conchiglie,1
kebat,1
piñata,1
pestoheirloom,1
don,1
larry,1
tekka,1
patch,1
hoagies,1
elt,1
sippin,1
use,1
frills,1
spoonful,1
rangoon,1
wafer,1
elote,1
epi,1
rosy,1
boa,1
radicchiostone,1
campechana,1
josh,1
ozerskys,1
quite,1
muellers,1
embutido,1
rocket,1
when,1
summertime,1
sōmen,1
fonio,1
rhum,1
malfatti,1
drinking,1
pasqualina,1
lham,1
bel,1
btata,1
wa,1
jeblana,1
bâdenjân,1
ribeye,1
maíz,1
rustido,1
slippery,1
blackberrycream,1
ayran,1
hidden,1
limonana,1
limonada,1
sharbat,1
plank,1
buza,1
ala,1
tamr,1
battenberg,1
canned,1
sate,1
ayam,1
wifes,1
juicy,1
eton,1
charro,1
valentinas,1
clambake,1
cheez,1
butterbanana,1
tteokguk,1
hemp,1
garnie,1
rosewater,1
latke,1
kra,1
toog,1
ngua,1
ricestuffed,1
beany,1
louie,1
cluster,1
bistek,1
12,1
ensaymadas,1
ube,1
frosted,1
mamalehs,1
luck,1
jubilee,1
tachin,1
sams,1
sizzled,1
jackfruit,1
bhaji,1
butterscotchpotato,1
butterbasted,1
freeform,1
fuss,1
here,1
comes,1
dasperges,1
sazón,1
culantro,1
lactation,1
braciola,1
runny,1
spare,1
avo,1
amarone,1
kefi,1
semi,1
speculoos,1
apfelkuchen,1
sear,1
zoodle,1
mistletoe,1
gummy,1
braided,1
kranzkuchen,1
weihnachten,1
gedeckter,1
lebkuchengewurz,1
polished,1
letters,1
watercolor,1
ornament,1
chahan,1
suzette,1
escargot,1
yakisoba,1
frizzled,1
reverse,1
blackout,1
nutellabrown,1
base,1
ghurma,1
aloo,1
versatile,1
karei,1
raisu,1
ropa,1
vieja,1
ripiada,1
tim,1
loves,1
jill,1
nussinows,1
radiatori,1
kidney,1
étouffée,1
vindaloo,1
joumou,1
bao,1
potatomiso,1
margarets,1
rolled,1
horseback,1
own,1
tot,1
hotdish,1
light,1
catalan,1
revisited,1
chick,1
etta,1
dive,1
pannelet,1
piespice,1
stovetop,1
rippers,1
uni,1
orangebrown,1
marrakech,1
rollups,1
fishcakes,1
duchess,1
swans,1
koji,1
greybourbon,1
tajín,1
spears,1
roux,1
zhoug,1
sables,1
stollenkonfekt,1
vanillezucker,1
hersheys,1
karo,1
nellie,1
toll,1
fastest,1
quaker,1
vanishing,1
carnation,1
moolee,1
yerra,1
cinnamonchocolate,1
cheesestuffed,1
lot,1
combo,1
orangechampagne,1
tahcheen,1
flattened,1
castaway,1
oilbasted,1
cemita,1
poblana,1
morel,1
tzimmes,1
aranygaluska,1
mold,1
harira,1
toss,1
gigantata,1
fluffed,1
singaporean,1
wheels,1
pains,1
brunch,1
haiga,1
kashmiri,1
chaat,1
hanoi,1
coloradito,1
tostada,1
that,1
wants,1
memela,1
oaxacan,1
frosé,1
ollies,1
cloud,1
bees,1
parmesanblack,1
kofta,1
bacony,1
croissants,1
prego,1
nabeyaki,1
olio,1
zapiekanka,1
fluke,1
puppy,1
amayas,1
brassicas,1
cheesesteaks,1
mirror,1
charlotte,1
valentines,1
bannock,1
garlicbraised,1
kartoffel,1
ashkenazic,1
phơ,1
roasties,1
pierre,1
tots,1
polish,1
aglio,1
malteds,1
cromlet,1
manoushe,1
general,1
tsos,1
silkiest,1
patricks,1
satin,1
cèpe,1
saffronrose,1
moneygun,1
common,1
lily,1
panisses,1
pandan,1
kaya,1
foster,1
islak,1
honeynut,1
matchachocolate,1
spain,1
cities,1
enjoying,1
nuez,1
spam,1
cosmonaut,1
syrniki,1
сырники,1
rosita,1
say,1
tropic,1
venezia,1
sonker,1
retox,1
hawaij,1
mangú,1
spiedies,1
backyard,1
tomatotuna,1
canadian,1
penny,1
criterium,1
hook,1
billionaire,1
shockingly,1
win,1
son,1
bakerys,1
kong,1
jaban,1
chía,1
lágrimas,1
virgen,1
guayaba,1
toronja,1
romero,1
aguas,1
frescas,1
camouflage,1
hanky,1
panky,1
want,1
kielbassoulet,1
ear,1
arrabbiata,1
gaeng,1
wan,1
bright,1
thatll,1
take,1
edge,1
off,1
symphony,1
sforzando,1
italy,1
mignonette,1
peppersoup,1
tartiflette,1
silken,1
sauced,1
suya,1
nigerian,1
egusi,1
khiaw,1
amazuzuke,1
volcánes,1
karafs,1
domaaj,1
torshi,1
tareh,1
efo,1
riro,1
mast,1
musir,1
baqala,1
gingerfried,1
qaliyeh,1
kateh,1
stove,1
kufteh,1
ye,1
pesteh,1
anar,1
khoresh,1
pongal,1
huggi,1
khara,1
shut,1
olla,1
veselkas,1
cubeb,1
drunk,1
shito,1
ghanaian,1
tropi,1
doenjang,1
jjigae,1
된장찌개,1
soybean,1
dakgangjeong,1
닭강정,1
muslimstyle,1
brookies,1
gobernador,1
beautiful,1
roti,1
buss,1
horneados,1
alimony,1
newtons,1
haleem,1
camarones,1
enfrijoladas,1
sunchokes,1
falafels,1
tabouli,1
chhena,1
poda,1
joe,1
r,1
rated,1
baigan,1
chokha,1
trinidad,1
pelau,1
remember,1
platanos,1
baatingan,1
furikake,1
homestyle,1
wat,1
infinity,1
pool,1
division,1
electron,1
pina,1
arinato,1
ti,1
dock,1
jungle,1
hickory,1
mississippi,1
caribbean,1
frogmore,1
age,1
church,1
wheatoat,1
shimbra,1
flatfish,1
w,1
grilling,1
kusaa,1
banadoura,1
molokhieh,1
bisibelabath,1
django,1
reinhardt,1
nurse,1
ripple,1
bibingkang,1
파,1
전,1
shaak,1
sambharo,1
gol,1
keri,1
achaar,1
harina,1
alfajores,1
taiwanese,1
turf,1
liu,1
foolproof,1
kheer,1
tamal,1
pipian,1
divorciadas,1
weekend,1
cbd,1
full,1
lychee,1
russet,1
cheeseburger,1
eve,1
lightly,1
moments,1
luscious,1
citrusy,1
jolly,1
shaokuns,1
garnishes,1
ducklings,1
safois,1
argentinos,1
argentine,1
cheeseadilla,1
shish,1
taouk,1
fattet,1
moutabal,1
each,1
chocolatey,1
62nd,1
rims,1
ácida,1
citrusrubbed,1
takeout,1
scrunched,1
garlicbrown,1
ginas,1
mince,1
shingled,1
lemonsesame,1
babys,1
inihaw,1
manok,1
sinangag,1
tortang,1
talong,1
menudo,1
hamonado,1
almondigas,1
bihon,1
guisado,1
sinigang,1
afritada,1
sisig,1
pusit,1
knots,1
alabama,1
latticed,1
chardtahini,1
ugly,1
burnished,1
crostatas,1
shortcut,1
filo,1
dukkha,1
twenty,1
hock,1
buttersage,1
garlickiest,1
kitty,1
content,1
circle,1
wrote,1
tingles,1
bourbonsour,1
manchurian,1
costa,1
baking,1
chuck,1
panchos,1
second,1
parsons,1
obituary,1
islay,1
sneaky,1
peat,1
blaylock,1
palabok,1
squeak,1
blind,1
why,1
crispety,1
cruncheties,1
bejeweled,1
applejack,1
expertly,1
pastel,1
iranian,1
scotchy,1
boulevardiers,1
pandoras,1
tuxedo,1
amb,1
puritan,1
mala,1
kiribath,1
pol,1
sambol,1
ackee,1
malaysian,1
totalers,1
shiritaki,1
shirley,1
prawn,1
moilee,1
saag,1
ponche,1
rocks,1
oystertini,1
sakura,1
allies,1
pollastre,1
magrana,1
babas,1
mì,1
bbang,1
pitaquiles,1
kolokithopita,1
match,1
fools,1
universal,1
only,1
need,1
every,1
alfresco,1
squeeze,1
improved,1
season,1
massaged,1
mais,1
yelo,1
tahdig,1
gyeran,1
bánh,1
medley,1
ish,1
comforting,1
casseroles,1
many,1
colors,1
pepperpistachio,1
chaas,1
bhat,1
nasi,1
lemak,1
marrakesh,1
fearless,1
youre,1
around,1
hungry,1
einkorn,1
vegetarians,1
milkbraised,1
coconutchocolate,1
allbutter,1
papadums,1
brans,1
does,1
aldiavolo,1
bridges,1
christina,1
tosis,1
pepperonata,1
ryder,1
blancstuffed,1
dram,1
snakebite,1
steeped,1
coquito,1
hervida,1
puertorriqueños,1
santiago,1
cubas,1
brujo,1
berro,1
sno,1
noci,1
belga,1
insalata,1
naam,1
tok,1
isaan,1
bergamot,1
pillsbury,1
cheek,1
canal,1
scamorza,1
brook,1
müllerin,1
alfred,1
portales,1
uova,1
allorigano,1
gaeta,1
ed,1
aranci,1
moors,1
christians,1
moros,1
i,1
potatochickpea,1
bigarade,1
samosas,1
alfalfa,1
bliss,1
kai,1
kamut,1
bourdaloue,1
tads,1
husk,1
gialinas,1
stalk,1
evening,1
kingston,1
purées,1
101,1
tails,1
dropped,1
oops,1
cristianos,1
benne,1
cabrales,1
celeriac,1
upstate,1
artisan,1
ipswich,1
bed,1
juniors,1
raclette,1
garrotxa,1
great,1
fake,1
kraut,1
lestragon,1
lyonnaise,1
lardons,1
oeuf,1
mollet,1
paa,1
het,1
crumbled,1
chocolaty,1
dude,1
crack,1
tripe,1
herbal,1
serranos,1
campsite,1
española,1
cao,1
lau,1
hoi,1
24th,1
schmear,1
past,1
winner,1
pretty,1
tagliolini,1
colomba,1
eccentric,1
kabbouleh,1
sambuca,1
nashville,1
vitamin,1
c,1
lada,1
cuminspiced,1
mist,1
gherkin,1
denver,1
dairy,1
crèmes,1
lambs,1
quarters,1
rinds,1
greasy,1
rhode,1
tricolore,1
lox,1
caffè,1
inglese,1
pastiera,1
panisse,1
treme,1
massaman,1
channel,1
moonpies,1
sashimi,1
tagalongs,1
mints,1
samoas,1
alluovo,1
darkest,1
chocolatecrème,1
brazil,1
boosting,1
càuda,1
vidal,1
rompope,1
liquor,1
pepparkakor,1
bistro,1
coddle,1
riso,1
dublin,1
kouign,1
amann,1
napoleon,1
mutabal,1
moonshine,1
sangrita,1
klobasnek,1
kolaches,1
biarritz,1
rochers,1
nougatine,1
sophies,1
fighting,1
baileys,1
winey,1
hell,1
tisserie,1
pithivier,1
kiddie,1
shoyu,1
mushi,1
coppa,1
pims,1
vespa,1
foragers,1
menthe,1
bento,1
insanely,1
bellas,1
veggi,1
gribenes,1
boulevardier,1
googles,1
patatas,1
andalusian,1
soi,1
dou,1
ban,1
smørrebrød,1
chawan,1
sichuanese,1
khordan,1
company,1
oras,1
thiebaud,1
woodman,1
laskey,1
kelly,1
lindas,1
devilish,1
crullers,1
michael,1
romanos,1
majoon,1
gondi,1
ivory,1
fine,1
dice,1
sabzi,1
yu,1
chao,1
laurie,1
evil,1
at,1
savouries,1
bbqd,1
mamey,1
atlanta,1
man,1
salchicha,1
molletes,1
small,1
scary,1
boo,1
schetta,1
coating,1
jeannes,1
sparklers,1
tuckers,1
mom,1
vierge,1
non,1
shou,1
planks,1
caltrop,1
shao,1
rou,1
grainy,1
teeny,1
weeny,1
coxinha,1
boxty,1
cheesesteak,1
beeritas,1
fiorentini,1
calabrese,1
tinga,1
scales,1
curly,1
yaka,1
stage,1
osteens,1
pinckney,1
makeover,1
corpse,1
3000,1
suffering,1
baptist,1
sammies,1
fro,1
yo,1
atayef,1
knafe,1
basket,1
kung,1
pao,1
twang,1
pg,1
13,1
sling,1
josés,1
pressé,1
reviver,1
ants,1
borage,1
chiangbai,1
sammy,1
kippers,1
bits,1
oday,1
alexander,1
mccream,1
pheasant,1
lenin,1
kha,1
cerignola,1
blintzes,1
mograbiah,1
picarones,1
miel,1
tarantula,1
spider,1
worm,1
rehydrator,1
unfried,1
522,1
aperitivo,1
grunts,1
lovers,1
voodoo,1
glastonbury,1
zombie,1
pousse,1
matcharita,1
abiquiu,1
cornhusks,1
chris,1
lillys,1
fines,1
mojitos,1
freaks,1
mead,1
fluffs,1
hinsons,1
albacore,1
jeweled,1
pazzo,1
shirazi,1
porotos,1
granados,1
zingy,1
slate,1
strawberrybuttermilk,1
coal,1
briouats,1
jben,1
bobby,1
burns,1
infinite,1
eureka,1
thread,1
tozzetti,1
board,1
july,1
4th,1
chopstick,1
pappa,1
quatre,1
dyed,1
tehina,1
last,1
tango,1
modena,1
coddled,1
rattlesnake,1
forgiveness,1
naturally,1
sumo,1
fresno,1
chanko,1
nabe,1
rojas,1
orangechia,1
branzini,1
tadka,1
fortune,1
winterized,1
seder,1
pizzarelle,1
oxs,1
grapefruitpoppy,1
sister,1
tomatocashew,1
gambas,1
ajillo,1
trifles,1
fauxnuts,1
blueberrykiwi,1
delectable,1
choc,1
semolinalemon,1
butterfried,1
cipollini,1
nancys,1
limemarinated,1
coconutkey,1
medicine,1
applecabbage,1
penicillin,1
amaro,1
puntarelle,1
crown,1
tian,1
patti,1
labelle,1
puffy,1
yolks,1
fondant,1
share,1
crumbed,1
warmed,1
caponata,1
meuniere,1
hardy,1
manhattans,1
by,1
feuille,1
backwoods,1
lasagnette,1
overeaters,1
orangepolenta,1
plane,1
dollar,1
pikliz,1
chineasy,1
chapatis,1
burner,1
goes,1
nutritional,1
ohitashi,1
crunchies,1
deal,1
canyon,1
espelette,1
luxardo,1
sardou,1
tonnarelli,1
crush,1
della,1
silver,1
thymewalnut,1
kamikaze,1
springs,1
worlds,1
grasshopper,1
parsleyred,1
langouste,1
rôtie,1
hostelleries,1
roch,1
duckor,1
fired,1
trenton,1
flax,1
calico,1
coke,1
jambon,1
tout,1
ode,1
pizzettas,1
blueberrychia,1
crunchiest,1
both,1
jersey,1
maraschino,1
quarts,1
juliette,1
blonde,1
braid,1
maggi,1
fully,1
carlas,1
acres,1
dirt,1
ukoy,1
preserve,1
huckleberry,1
julius,1
rocky,1
colin,1
perrys,1
marmellata,1
currymarinated,1
cordials,1
oaty,1
blueberryginger,1
reduction,1
sustainable,1
scoop,1
jollof,1
rush,1
americano,1
emerald,1
isle,1
tarocco,1
claret,1
dots,1
dash,1
paleo,1
cathead,1
rat,1
atat,1
touille,1
balsamicred,1
montreal,1
arnies,1
chilepumpkin,1
chlodnik,1
chipcrusted,1
greyhound,1
electrolyte,1
ding,1
dong,1
grenadine,1
ricciarelli,1
magpie,1
piecrust,1
poké,1
dorade,1
steakburger,1
chilerubbed,1
hydrating,1
western,1
scottadito,1
clusters,1
shapes,1
diamond,1
wee,1
brainy,1
epicurious,1
crispbread,1
pollen,1
nigella,1
robinson,1
olivier,1
herring,1
rosemaryinfused,1
babkallah,1
jimmie,1
roosevelt,1
ducks,1
lacy,1
noise,1
peachy,1
capicola,1
stick,1
po,1
ischler,1
bourguignonne,1
morita,1
anadama,1
tostaditas,1
negro,1
reginetti,1
puffles,1
daddys,1
frannys,1
corona,1
prickly,1
elixir,1
cock,1
leekie,1
hogs,1
aperitif,1
daniel,1
bouluds,1
peking,1
amigos,1
forward,1
shoestring,1
less,1
viniagrette,1
feuilles,1
glove,1
recado,1
contramar,1
rosas,1
bostock,1
lumaconi,1
forager,1
trouble,1
shaken,1
ices,1
chioggia,1
cease,1
desist,1
rind,1
crispiest,1
florent,1
melty,1
opera,1
sesamebrown,1
pastis,1
pale,1
rider,1
rimini,1
lucca,1
cal,1
italia,1
greco,1
spatchcocked,1
spuds,1
ghostly,1
conference,1
ruin,1
corsican,1
financier,1
hatch,1
especiado,1
steakhouse,1
sammys,1
james,1
beetroot,1
miscellaneous,1
kaleslaw,1
jars,1
spit,1
boathouse,1
dangerous,1
fette,1
sau,1
paleta,1
jordan,1
marsh,1
bomb,1
whiskeyed,1
boy,1
scouts,1
quinua,1
beards,1
germain,1
winemarinated,1
sbagliato,1
cocotte,1
sweetie,1
louis,1
gyoza,1
mandu,1
pepperoni,1
trumpet,1
petit,1
troiss,1
rintaros,1
gibson,1
galangal,1
papadzules,1
dump,1
lifes,1
cocchi,1
sloe,1
clásico,1
kumbaya,1
ludos,1
pomelo,1
patate,1
mâitre,1
dhôtel,1
baobab,1
salpicón,1
pescado,1
corners,1
nettle,1
pillows,1
un,1
benedictine,1
lava,1
punchy,1
istrian,1
absinthes,1
shrubarb,1
kelp,1
wok,1
gricia,1
goodnight,1
bayspiced,1
irene,1
gramma,1
pandolfis,1
mosé,1
spaccas,1
fizzy,1
rl,1
pack,1
spatchcock,1
chefs,1
superfood,1
insanity,1
husker,1
dew,1
griddled,1
piperade,1
vibe,1
sturgeon,1
